,hidden_dim,latent_dim,conv_layer,pre_epoch,epochs,lr,optimizer,Best epoch,ARI,NMI
0,64,32,<class 'torch_geometric.nn.conv.gcn_conv.GCNConv'>,200,500,0.001,Adam,20,0.8002563628992883,0.8208635178821467
1,64,32,<class 'torch_geometric.nn.conv.gcn_conv.GCNConv'>,200,500,0.01,Adam,50,0.5891196364733127,0.7273152123016079
2,64,32,<class 'torch_geometric.nn.conv.gcn_conv.GCNConv'>,200,500,0.005,Adam,20,0.5306245933246265,0.6346748654196058
3,64,32,<class 'torch_geometric.nn.conv.gcn_conv.GCNConv'>,200,500,0.0001,Adam,310,0.8014264785089363,0.82319408308596
4,64,32,<class 'torch_geometric.nn.conv.gcn_conv.GCNConv'>,500,500,0.001,Adam,30,0.8792797021718467,0.867188227553174
5,64,32,<class 'torch_geometric.nn.conv.gcn_conv.GCNConv'>,500,500,0.01,Adam,0,0.15506919970453084,0.27150807673238475
6,64,32,<class 'torch_geometric.nn.conv.gcn_conv.GCNConv'>,500,500,0.005,Adam,20,0.8733412148343414,0.8614108392681855
7,64,32,<class 'torch_geometric.nn.conv.gcn_conv.GCNConv'>,500,500,0.0001,Adam,290,0.888244496238918,0.8727540474285342
8,64,32,<class 'torch_geometric.nn.conv.gcn_conv.GCNConv'>,200,800,0.001,Adam,110,0.8928072165977293,0.878099499091656
9,64,32,<class 'torch_geometric.nn.conv.gcn_conv.GCNConv'>,200,800,0.01,Adam,0,0.5685749451393425,0.6486383267163937
10,64,32,<class 'torch_geometric.nn.conv.gcn_conv.GCNConv'>,200,800,0.005,Adam,60,0.7225943606073228,0.7807540633902393
11,64,32,<class 'torch_geometric.nn.conv.gcn_conv.GCNConv'>,200,800,0.0001,Adam,710,0.8930103375975612,0.8765309881148035
12,64,32,<class 'torch_geometric.nn.conv.gcn_conv.GCNConv'>,500,800,0.001,Adam,100,0.8928536079772428,0.8771675704866391
13,64,32,<class 'torch_geometric.nn.conv.gcn_conv.GCNConv'>,500,800,0.01,Adam,0,0.0,0.0
14,64,32,<class 'torch_geometric.nn.conv.gcn_conv.GCNConv'>,500,800,0.005,Adam,90,0.8876816355406721,0.8712130854697189
15,64,32,<class 'torch_geometric.nn.conv.gcn_conv.GCNConv'>,500,800,0.0001,Adam,600,0.8919301869799244,0.8754307234878288
16,64,32,<class 'torch_geometric.nn.conv.gcn_conv.GCNConv'>,200,300,0.001,Adam,280,0.8914808228817552,0.8769038196372054
17,64,32,<class 'torch_geometric.nn.conv.gcn_conv.GCNConv'>,200,300,0.01,Adam,10,0.4793311244006995,0.6365325558500863
18,64,32,<class 'torch_geometric.nn.conv.gcn_conv.GCNConv'>,200,300,0.005,Adam,40,0.820877243508546,0.8197550390601653
19,64,32,<class 'torch_geometric.nn.conv.gcn_conv.GCNConv'>,200,300,0.0001,Adam,230,0.8757618216987791,0.8661350542572531
20,64,32,<class 'torch_geometric.nn.conv.gcn_conv.GCNConv'>,500,300,0.001,Adam,160,0.8944364944382585,0.878735584802634
21,64,32,<class 'torch_geometric.nn.conv.gcn_conv.GCNConv'>,500,300,0.01,Adam,0,0.3073266137535174,0.4459381069573381
22,64,32,<class 'torch_geometric.nn.conv.gcn_conv.GCNConv'>,500,300,0.005,Adam,0,0.8289528961373539,0.8313530128099625
23,64,32,<class 'torch_geometric.nn.conv.gcn_conv.GCNConv'>,500,300,0.0001,Adam,260,0.887351925795074,0.8714943200563172
24,64,32,<class 'torch_geometric.nn.conv.sage_conv.SAGEConv'>,200,500,0.001,Adam,190,0.9026757370617037,0.8847674714738942
25,64,32,<class 'torch_geometric.nn.conv.sage_conv.SAGEConv'>,200,500,0.01,Adam,0,0.0,0.0
26,64,32,<class 'torch_geometric.nn.conv.sage_conv.SAGEConv'>,200,500,0.005,Adam,30,0.2973235328322658,0.4940816828863531
27,64,32,<class 'torch_geometric.nn.conv.sage_conv.SAGEConv'>,200,500,0.0001,Adam,490,0.9006073047266836,0.8823385010088255
28,64,32,<class 'torch_geometric.nn.conv.sage_conv.SAGEConv'>,500,500,0.001,Adam,160,0.8983670007343731,0.8808001704320424
29,64,32,<class 'torch_geometric.nn.conv.sage_conv.SAGEConv'>,500,500,0.01,Adam,0,0.2140126817995076,0.3732664469786982
30,64,32,<class 'torch_geometric.nn.conv.sage_conv.SAGEConv'>,500,500,0.005,Adam,70,0.6874707809271255,0.7763534989819846
31,64,32,<class 'torch_geometric.nn.conv.sage_conv.SAGEConv'>,500,500,0.0001,Adam,490,0.8955158452315911,0.8787481937295832
32,64,32,<class 'torch_geometric.nn.conv.sage_conv.SAGEConv'>,200,800,0.001,Adam,160,0.9032422073767077,0.8849466765709656
33,64,32,<class 'torch_geometric.nn.conv.sage_conv.SAGEConv'>,200,800,0.01,Adam,0,0.19635509011950394,0.31640335281421594
34,64,32,<class 'torch_geometric.nn.conv.sage_conv.SAGEConv'>,200,800,0.005,Adam,0,0.778194822522328,0.7942251981273807
35,64,32,<class 'torch_geometric.nn.conv.sage_conv.SAGEConv'>,200,800,0.0001,Adam,710,0.8986003117219159,0.8816370899281538
36,64,32,<class 'torch_geometric.nn.conv.sage_conv.SAGEConv'>,500,800,0.001,Adam,10,0.8233327749806768,0.8311056624692993
37,64,32,<class 'torch_geometric.nn.conv.sage_conv.SAGEConv'>,500,800,0.01,Adam,0,0.23267812110975045,0.36020847909201853
38,64,32,<class 'torch_geometric.nn.conv.sage_conv.SAGEConv'>,500,800,0.005,Adam,40,0.23914416960242715,0.42621933283792496
39,64,32,<class 'torch_geometric.nn.conv.sage_conv.SAGEConv'>,500,800,0.0001,Adam,770,0.8964067442965908,0.8794494643740571
40,64,32,<class 'torch_geometric.nn.conv.sage_conv.SAGEConv'>,200,300,0.001,Adam,150,0.9060073482106168,0.8867553545329698
41,64,32,<class 'torch_geometric.nn.conv.sage_conv.SAGEConv'>,200,300,0.01,Adam,0,0.14602756755589122,0.26560893917946776
42,64,32,<class 'torch_geometric.nn.conv.sage_conv.SAGEConv'>,200,300,0.005,Adam,0,0.5893910767881714,0.7155008592994909
43,64,32,<class 'torch_geometric.nn.conv.sage_conv.SAGEConv'>,200,300,0.0001,Adam,280,0.8979898308596409,0.8810413886761822
44,64,32,<class 'torch_geometric.nn.conv.sage_conv.SAGEConv'>,500,300,0.001,Adam,0,0.7691128198116014,0.8088513352168064
45,64,32,<class 'torch_geometric.nn.conv.sage_conv.SAGEConv'>,500,300,0.01,Adam,0,0.0,0.0
46,64,32,<class 'torch_geometric.nn.conv.sage_conv.SAGEConv'>,500,300,0.005,Adam,80,0.8304718390551482,0.8264886635090456
47,64,32,<class 'torch_geometric.nn.conv.sage_conv.SAGEConv'>,500,300,0.0001,Adam,250,0.8941284090855849,0.8776227926899048
48,64,64,<class 'torch_geometric.nn.conv.gcn_conv.GCNConv'>,200,500,0.001,Adam,270,0.8992031279438893,0.8819437908407487
49,64,64,<class 'torch_geometric.nn.conv.gcn_conv.GCNConv'>,200,500,0.01,Adam,0,0.25085263136738506,0.4262841138718692
50,64,64,<class 'torch_geometric.nn.conv.gcn_conv.GCNConv'>,200,500,0.005,Adam,20,0.8676310244943748,0.8600229238355332
51,64,64,<class 'torch_geometric.nn.conv.gcn_conv.GCNConv'>,200,500,0.0001,Adam,340,0.7232427481893032,0.7998923723854802
52,64,64,<class 'torch_geometric.nn.conv.gcn_conv.GCNConv'>,500,500,0.001,Adam,200,0.8759930255400916,0.8659044192635257
53,64,64,<class 'torch_geometric.nn.conv.gcn_conv.GCNConv'>,500,500,0.01,Adam,0,0.1530256187630956,0.2845176564871924
54,64,64,<class 'torch_geometric.nn.conv.gcn_conv.GCNConv'>,500,500,0.005,Adam,0,0.6380738840069226,0.7007754506761076
55,64,64,<class 'torch_geometric.nn.conv.gcn_conv.GCNConv'>,500,500,0.0001,Adam,430,0.8885001694521393,0.8724315724517007
56,64,64,<class 'torch_geometric.nn.conv.gcn_conv.GCNConv'>,200,800,0.001,Adam,140,0.8939576919888828,0.8786173622364257
57,64,64,<class 'torch_geometric.nn.conv.gcn_conv.GCNConv'>,200,800,0.01,Adam,320,0.25866072771308984,0.48867355140119284
58,64,64,<class 'torch_geometric.nn.conv.gcn_conv.GCNConv'>,200,800,0.005,Adam,40,0.524117989677573,0.6826465171393953
59,64,64,<class 'torch_geometric.nn.conv.gcn_conv.GCNConv'>,200,800,0.0001,Adam,790,0.8952670136550418,0.8788254933544519
60,64,64,<class 'torch_geometric.nn.conv.gcn_conv.GCNConv'>,500,800,0.001,Adam,60,0.8798793377758813,0.8690413350767892
61,64,64,<class 'torch_geometric.nn.conv.gcn_conv.GCNConv'>,500,800,0.01,Adam,0,0.35007713101412313,0.5129056661956205
62,64,64,<class 'torch_geometric.nn.conv.gcn_conv.GCNConv'>,500,800,0.005,Adam,40,0.6824204999241855,0.7655872417161367
63,64,64,<class 'torch_geometric.nn.conv.gcn_conv.GCNConv'>,500,800,0.0001,Adam,730,0.8802401663632059,0.8673920727929972
64,64,64,<class 'torch_geometric.nn.conv.gcn_conv.GCNConv'>,200,300,0.001,Adam,240,0.8970939234847496,0.8803223937009118
65,64,64,<class 'torch_geometric.nn.conv.gcn_conv.GCNConv'>,200,300,0.01,Adam,0,0.003402374569051375,0.02654830899918199
66,64,64,<class 'torch_geometric.nn.conv.gcn_conv.GCNConv'>,200,300,0.005,Adam,20,0.7814006835756018,0.7977769895599092
67,64,64,<class 'torch_geometric.nn.conv.gcn_conv.GCNConv'>,200,300,0.0001,Adam,270,0.8805142491422816,0.8679270486367008
68,64,64,<class 'torch_geometric.nn.conv.gcn_conv.GCNConv'>,500,300,0.001,Adam,30,0.8822506714657433,0.8691181553209457
69,64,64,<class 'torch_geometric.nn.conv.gcn_conv.GCNConv'>,500,300,0.01,Adam,0,0.0,0.0
70,64,64,<class 'torch_geometric.nn.conv.gcn_conv.GCNConv'>,500,300,0.005,Adam,0,0.6133733711883439,0.6786180633192956
71,64,64,<class 'torch_geometric.nn.conv.gcn_conv.GCNConv'>,500,300,0.0001,Adam,250,0.8787255987167472,0.8646493535703526
72,64,64,<class 'torch_geometric.nn.conv.sage_conv.SAGEConv'>,200,500,0.001,Adam,180,0.9037104559976061,0.8861813708656664
73,64,64,<class 'torch_geometric.nn.conv.sage_conv.SAGEConv'>,200,500,0.01,Adam,0,0.0,0.0
74,64,64,<class 'torch_geometric.nn.conv.sage_conv.SAGEConv'>,200,500,0.005,Adam,10,0.7284631183908452,0.7805410375228852
75,64,64,<class 'torch_geometric.nn.conv.sage_conv.SAGEConv'>,200,500,0.0001,Adam,460,0.8952195457808741,0.878386827239578
76,64,64,<class 'torch_geometric.nn.conv.sage_conv.SAGEConv'>,500,500,0.001,Adam,20,0.8878868090812028,0.8746167961372913
77,64,64,<class 'torch_geometric.nn.conv.sage_conv.SAGEConv'>,500,500,0.01,Adam,0,0.0,0.0
78,64,64,<class 'torch_geometric.nn.conv.sage_conv.SAGEConv'>,500,500,0.005,Adam,0,0.7509814518902662,0.7891888382747856
79,64,64,<class 'torch_geometric.nn.conv.sage_conv.SAGEConv'>,500,500,0.0001,Adam,150,0.8281835576096547,0.8324088338975676
80,64,64,<class 'torch_geometric.nn.conv.sage_conv.SAGEConv'>,200,800,0.001,Adam,140,0.9052827367144844,0.8881342870558983
81,64,64,<class 'torch_geometric.nn.conv.sage_conv.SAGEConv'>,200,800,0.01,Adam,0,0.0,0.0
82,64,64,<class 'torch_geometric.nn.conv.sage_conv.SAGEConv'>,200,800,0.005,Adam,20,0.3131560374102372,0.4609940309800967
83,64,64,<class 'torch_geometric.nn.conv.sage_conv.SAGEConv'>,200,800,0.0001,Adam,170,0.8917502653092563,0.8769198622198058
84,64,64,<class 'torch_geometric.nn.conv.sage_conv.SAGEConv'>,500,800,0.001,Adam,110,0.8880973380279286,0.8749129855228533
85,64,64,<class 'torch_geometric.nn.conv.sage_conv.SAGEConv'>,500,800,0.01,Adam,0,0.0,0.0
86,64,64,<class 'torch_geometric.nn.conv.sage_conv.SAGEConv'>,500,800,0.005,Adam,10,0.43995322233027995,0.6075663831856212
87,64,64,<class 'torch_geometric.nn.conv.sage_conv.SAGEConv'>,500,800,0.0001,Adam,160,0.8978354225202182,0.8818946952141365
88,64,64,<class 'torch_geometric.nn.conv.sage_conv.SAGEConv'>,200,300,0.001,Adam,140,0.9031995145685271,0.8861331558578877
89,64,64,<class 'torch_geometric.nn.conv.sage_conv.SAGEConv'>,200,300,0.01,Adam,0,0.0,0.0
90,64,64,<class 'torch_geometric.nn.conv.sage_conv.SAGEConv'>,200,300,0.005,Adam,0,0.2510294668970652,0.39558318763248324
91,64,64,<class 'torch_geometric.nn.conv.sage_conv.SAGEConv'>,200,300,0.0001,Adam,260,0.8987284000333902,0.8828855160225512
92,64,64,<class 'torch_geometric.nn.conv.sage_conv.SAGEConv'>,500,300,0.001,Adam,10,0.8110789795157837,0.8206223447543082
93,64,64,<class 'torch_geometric.nn.conv.sage_conv.SAGEConv'>,500,300,0.01,Adam,0,0.21634603539707142,0.37154446287600856
94,64,64,<class 'torch_geometric.nn.conv.sage_conv.SAGEConv'>,500,300,0.005,Adam,0,0.0,0.0
95,64,64,<class 'torch_geometric.nn.conv.sage_conv.SAGEConv'>,500,300,0.0001,Adam,150,0.8922726270714281,0.8770092104922593
96,64,128,<class 'torch_geometric.nn.conv.gcn_conv.GCNConv'>,200,500,0.001,Adam,100,0.8798321949223734,0.8683605638198771
97,64,128,<class 'torch_geometric.nn.conv.gcn_conv.GCNConv'>,200,500,0.01,Adam,0,0.21937161853090237,0.3243152250161402
98,64,128,<class 'torch_geometric.nn.conv.gcn_conv.GCNConv'>,200,500,0.005,Adam,0,0.0010383699274012326,0.015524136216254762
99,64,128,<class 'torch_geometric.nn.conv.gcn_conv.GCNConv'>,200,500,0.0001,Adam,490,0.8919644780700459,0.8757146270323569
100,64,128,<class 'torch_geometric.nn.conv.gcn_conv.GCNConv'>,500,500,0.001,Adam,0,0.8684978016949593,0.8580594097401971
101,64,128,<class 'torch_geometric.nn.conv.gcn_conv.GCNConv'>,500,500,0.01,Adam,0,0.7412256214572907,0.7640081180990312
102,64,128,<class 'torch_geometric.nn.conv.gcn_conv.GCNConv'>,500,500,0.005,Adam,0,0.582558127593992,0.7002623311909445
103,64,128,<class 'torch_geometric.nn.conv.gcn_conv.GCNConv'>,500,500,0.0001,Adam,310,0.8762231070571976,0.8643482765007189
104,64,128,<class 'torch_geometric.nn.conv.gcn_conv.GCNConv'>,200,800,0.001,Adam,40,0.8755476726045451,0.8648748580243774
105,64,128,<class 'torch_geometric.nn.conv.gcn_conv.GCNConv'>,200,800,0.01,Adam,0,0.007126749475989544,0.021519831111012768
106,64,128,<class 'torch_geometric.nn.conv.gcn_conv.GCNConv'>,200,800,0.005,Adam,0,0.5356451082462618,0.629613574454087
107,64,128,<class 'torch_geometric.nn.conv.gcn_conv.GCNConv'>,200,800,0.0001,Adam,780,0.8947096242746487,0.8782343382796581
108,64,128,<class 'torch_geometric.nn.conv.gcn_conv.GCNConv'>,500,800,0.001,Adam,0,0.793315112828699,0.8154221691185912
109,64,128,<class 'torch_geometric.nn.conv.gcn_conv.GCNConv'>,500,800,0.01,Adam,0,0.1194880779763397,0.19252145969965337
110,64,128,<class 'torch_geometric.nn.conv.gcn_conv.GCNConv'>,500,800,0.005,Adam,0,0.6909862589276266,0.7384076371237714
111,64,128,<class 'torch_geometric.nn.conv.gcn_conv.GCNConv'>,500,800,0.0001,Adam,390,0.8809419503867238,0.8687078120947365
112,64,128,<class 'torch_geometric.nn.conv.gcn_conv.GCNConv'>,200,300,0.001,Adam,70,0.80952171936497,0.8279898060713786
113,64,128,<class 'torch_geometric.nn.conv.gcn_conv.GCNConv'>,200,300,0.01,Adam,0,0.019083760596470368,0.05051667891452001
114,64,128,<class 'torch_geometric.nn.conv.gcn_conv.GCNConv'>,200,300,0.005,Adam,0,0.7450948459262018,0.7817660546441061
115,64,128,<class 'torch_geometric.nn.conv.gcn_conv.GCNConv'>,200,300,0.0001,Adam,280,0.8901949267359857,0.8747692944874027
116,64,128,<class 'torch_geometric.nn.conv.gcn_conv.GCNConv'>,500,300,0.001,Adam,0,0.7530368178146419,0.7978659713557358
117,64,128,<class 'torch_geometric.nn.conv.gcn_conv.GCNConv'>,500,300,0.01,Adam,0,0.6094578307733517,0.6838333855741541
118,64,128,<class 'torch_geometric.nn.conv.gcn_conv.GCNConv'>,500,300,0.005,Adam,0,0.27725086184137626,0.46420496525704524
119,64,128,<class 'torch_geometric.nn.conv.gcn_conv.GCNConv'>,500,300,0.0001,Adam,280,0.878490982293671,0.8674122552642104
120,64,128,<class 'torch_geometric.nn.conv.sage_conv.SAGEConv'>,200,500,0.001,Adam,160,0.7808761055229967,0.8101112114163247
121,64,128,<class 'torch_geometric.nn.conv.sage_conv.SAGEConv'>,200,500,0.01,Adam,470,0.22329006477201116,0.3962850618382356
122,64,128,<class 'torch_geometric.nn.conv.sage_conv.SAGEConv'>,200,500,0.005,Adam,0,0.24081922078418405,0.366037998582967
123,64,128,<class 'torch_geometric.nn.conv.sage_conv.SAGEConv'>,200,500,0.0001,Adam,340,0.8751880446269479,0.8644602865048325
124,64,128,<class 'torch_geometric.nn.conv.sage_conv.SAGEConv'>,500,500,0.001,Adam,20,0.7803274447553336,0.8239917113341565
125,64,128,<class 'torch_geometric.nn.conv.sage_conv.SAGEConv'>,500,500,0.01,Adam,0,0.0,0.0
126,64,128,<class 'torch_geometric.nn.conv.sage_conv.SAGEConv'>,500,500,0.005,Adam,0,0.5316018660262568,0.6383730797977658
127,64,128,<class 'torch_geometric.nn.conv.sage_conv.SAGEConv'>,500,500,0.0001,Adam,80,0.8842740591772537,0.872592088106555
128,64,128,<class 'torch_geometric.nn.conv.sage_conv.SAGEConv'>,200,800,0.001,Adam,120,0.8809650892518499,0.8705050681270117
129,64,128,<class 'torch_geometric.nn.conv.sage_conv.SAGEConv'>,200,800,0.01,Adam,0,0.2405854439894092,0.41008421229907477
130,64,128,<class 'torch_geometric.nn.conv.sage_conv.SAGEConv'>,200,800,0.005,Adam,0,0.5844836612419061,0.6735492657974215
131,64,128,<class 'torch_geometric.nn.conv.sage_conv.SAGEConv'>,200,800,0.0001,Adam,140,0.8926173209559071,0.8769151613470875
132,64,128,<class 'torch_geometric.nn.conv.sage_conv.SAGEConv'>,500,800,0.001,Adam,30,0.8922057537116665,0.8786380761104414
133,64,128,<class 'torch_geometric.nn.conv.sage_conv.SAGEConv'>,500,800,0.01,Adam,0,0.0,0.0
134,64,128,<class 'torch_geometric.nn.conv.sage_conv.SAGEConv'>,500,800,0.005,Adam,0,0.277642369309521,0.390108723562016
135,64,128,<class 'torch_geometric.nn.conv.sage_conv.SAGEConv'>,500,800,0.0001,Adam,100,0.8957861190059108,0.8810488381571546
136,64,128,<class 'torch_geometric.nn.conv.sage_conv.SAGEConv'>,200,300,0.001,Adam,70,0.874344387635062,0.8641303767510785
137,64,128,<class 'torch_geometric.nn.conv.sage_conv.SAGEConv'>,200,300,0.01,Adam,0,0.0,0.0
138,64,128,<class 'torch_geometric.nn.conv.sage_conv.SAGEConv'>,200,300,0.005,Adam,0,0.22531613326389474,0.3892962969877937
139,64,128,<class 'torch_geometric.nn.conv.sage_conv.SAGEConv'>,200,300,0.0001,Adam,120,0.8928339403610714,0.8776612260282449
140,64,128,<class 'torch_geometric.nn.conv.sage_conv.SAGEConv'>,500,300,0.001,Adam,30,0.882746540674829,0.8725754679894715
141,64,128,<class 'torch_geometric.nn.conv.sage_conv.SAGEConv'>,500,300,0.01,Adam,0,0.0,0.0
142,64,128,<class 'torch_geometric.nn.conv.sage_conv.SAGEConv'>,500,300,0.005,Adam,0,0.19158927659750216,0.3274689458294026
143,64,128,<class 'torch_geometric.nn.conv.sage_conv.SAGEConv'>,500,300,0.0001,Adam,290,0.8607217025400157,0.8530615174864047
144,64,512,<class 'torch_geometric.nn.conv.gcn_conv.GCNConv'>,200,500,0.001,Adam,0,0.8655089546725279,0.8565414347100675
145,64,512,<class 'torch_geometric.nn.conv.gcn_conv.GCNConv'>,200,500,0.01,Adam,150,0.5101071223306499,0.6549952780424182
146,64,512,<class 'torch_geometric.nn.conv.gcn_conv.GCNConv'>,200,500,0.005,Adam,0,0.598588314001857,0.664121778113881
147,64,512,<class 'torch_geometric.nn.conv.gcn_conv.GCNConv'>,200,500,0.0001,Adam,0,0.8311826919897072,0.8354535597376693
148,64,512,<class 'torch_geometric.nn.conv.gcn_conv.GCNConv'>,500,500,0.001,Adam,0,0.4656803302771116,0.6584907039933676
149,64,512,<class 'torch_geometric.nn.conv.gcn_conv.GCNConv'>,500,500,0.01,Adam,0,0.0,0.0
150,64,512,<class 'torch_geometric.nn.conv.gcn_conv.GCNConv'>,500,500,0.005,Adam,10,0.6169863906160815,0.7193215400817458
151,64,512,<class 'torch_geometric.nn.conv.gcn_conv.GCNConv'>,500,500,0.0001,Adam,0,0.8650289559186602,0.8577907637865315
152,64,512,<class 'torch_geometric.nn.conv.gcn_conv.GCNConv'>,200,800,0.001,Adam,0,0.8643969865225828,0.854972321855927
153,64,512,<class 'torch_geometric.nn.conv.gcn_conv.GCNConv'>,200,800,0.01,Adam,0,0.0,0.0
154,64,512,<class 'torch_geometric.nn.conv.gcn_conv.GCNConv'>,200,800,0.005,Adam,70,0.5348383103297594,0.6653940084899955
155,64,512,<class 'torch_geometric.nn.conv.gcn_conv.GCNConv'>,200,800,0.0001,Adam,0,0.8321142589907012,0.8350169415796619
156,64,512,<class 'torch_geometric.nn.conv.gcn_conv.GCNConv'>,500,800,0.001,Adam,0,0.859033058633857,0.8489728482231133
157,64,512,<class 'torch_geometric.nn.conv.gcn_conv.GCNConv'>,500,800,0.01,Adam,0,0.0,0.0
158,64,512,<class 'torch_geometric.nn.conv.gcn_conv.GCNConv'>,500,800,0.005,Adam,0,0.5880178086430635,0.6845185500785488
159,64,512,<class 'torch_geometric.nn.conv.gcn_conv.GCNConv'>,500,800,0.0001,Adam,0,0.871962316477493,0.8627780373715425
160,64,512,<class 'torch_geometric.nn.conv.gcn_conv.GCNConv'>,200,300,0.001,Adam,0,0.7608822954716824,0.805096683250369
161,64,512,<class 'torch_geometric.nn.conv.gcn_conv.GCNConv'>,200,300,0.01,Adam,10,0.23523739167574687,0.3929772527906051
162,64,512,<class 'torch_geometric.nn.conv.gcn_conv.GCNConv'>,200,300,0.005,Adam,0,0.5990278804642141,0.6444857864550414
163,64,512,<class 'torch_geometric.nn.conv.gcn_conv.GCNConv'>,200,300,0.0001,Adam,0,0.8420582624169247,0.8413654851379472
164,64,512,<class 'torch_geometric.nn.conv.gcn_conv.GCNConv'>,500,300,0.001,Adam,0,0.7227849500827308,0.7916764418639602
165,64,512,<class 'torch_geometric.nn.conv.gcn_conv.GCNConv'>,500,300,0.01,Adam,0,0.01038915553717415,0.03223040634568309
166,64,512,<class 'torch_geometric.nn.conv.gcn_conv.GCNConv'>,500,300,0.005,Adam,0,0.48763500619337025,0.6096022062339493
167,64,512,<class 'torch_geometric.nn.conv.gcn_conv.GCNConv'>,500,300,0.0001,Adam,0,0.8632250646396625,0.8547454144452393
168,64,512,<class 'torch_geometric.nn.conv.sage_conv.SAGEConv'>,200,500,0.001,Adam,0,0.7775313223237394,0.8072448942680194
169,64,512,<class 'torch_geometric.nn.conv.sage_conv.SAGEConv'>,200,500,0.01,Adam,0,0.0,0.0
170,64,512,<class 'torch_geometric.nn.conv.sage_conv.SAGEConv'>,200,500,0.005,Adam,0,0.3348796348028274,0.4541092100209894
171,64,512,<class 'torch_geometric.nn.conv.sage_conv.SAGEConv'>,200,500,0.0001,Adam,80,0.6465529531347883,0.7239258165166395
172,64,512,<class 'torch_geometric.nn.conv.sage_conv.SAGEConv'>,500,500,0.001,Adam,0,0.6727888598080948,0.7756029064026038
173,64,512,<class 'torch_geometric.nn.conv.sage_conv.SAGEConv'>,500,500,0.01,Adam,0,0.0,0.0
174,64,512,<class 'torch_geometric.nn.conv.sage_conv.SAGEConv'>,500,500,0.005,Adam,0,0.0,0.0
175,64,512,<class 'torch_geometric.nn.conv.sage_conv.SAGEConv'>,500,500,0.0001,Adam,0,0.8703194516946514,0.8582018838101808
176,64,512,<class 'torch_geometric.nn.conv.sage_conv.SAGEConv'>,200,800,0.001,Adam,0,0.6794043566613868,0.7505125307411012
177,64,512,<class 'torch_geometric.nn.conv.sage_conv.SAGEConv'>,200,800,0.01,Adam,0,0.0,0.0
178,64,512,<class 'torch_geometric.nn.conv.sage_conv.SAGEConv'>,200,800,0.005,Adam,0,0.0,0.0
179,64,512,<class 'torch_geometric.nn.conv.sage_conv.SAGEConv'>,200,800,0.0001,Adam,90,0.8348745125242207,0.8263065844658285
180,64,512,<class 'torch_geometric.nn.conv.sage_conv.SAGEConv'>,500,800,0.001,Adam,0,0.796963859217645,0.8117065853685871
181,64,512,<class 'torch_geometric.nn.conv.sage_conv.SAGEConv'>,500,800,0.01,Adam,0,0.0,0.0
182,64,512,<class 'torch_geometric.nn.conv.sage_conv.SAGEConv'>,500,800,0.005,Adam,70,0.23386448206068006,0.43515416360189946
183,64,512,<class 'torch_geometric.nn.conv.sage_conv.SAGEConv'>,500,800,0.0001,Adam,0,0.8704449787045752,0.8571536786466528
184,64,512,<class 'torch_geometric.nn.conv.sage_conv.SAGEConv'>,200,300,0.001,Adam,0,0.7522427670873363,0.7870192381274739
185,64,512,<class 'torch_geometric.nn.conv.sage_conv.SAGEConv'>,200,300,0.01,Adam,0,0.0,0.0
186,64,512,<class 'torch_geometric.nn.conv.sage_conv.SAGEConv'>,200,300,0.005,Adam,0,0.47746063232633257,0.6063459670916287
187,64,512,<class 'torch_geometric.nn.conv.sage_conv.SAGEConv'>,200,300,0.0001,Adam,100,0.7781268223494534,0.7934440489064072
188,64,512,<class 'torch_geometric.nn.conv.sage_conv.SAGEConv'>,500,300,0.001,Adam,0,0.7443043921048313,0.7892190664315979
189,64,512,<class 'torch_geometric.nn.conv.sage_conv.SAGEConv'>,500,300,0.01,Adam,0,0.0,0.0
190,64,512,<class 'torch_geometric.nn.conv.sage_conv.SAGEConv'>,500,300,0.005,Adam,0,0.0,0.0
191,64,512,<class 'torch_geometric.nn.conv.sage_conv.SAGEConv'>,500,300,0.0001,Adam,0,0.7144068428467832,0.774285148494178
192,128,32,<class 'torch_geometric.nn.conv.gcn_conv.GCNConv'>,200,500,0.001,Adam,130,0.8964398330061498,0.8806641290771475
193,128,32,<class 'torch_geometric.nn.conv.gcn_conv.GCNConv'>,200,500,0.01,Adam,80,0.23133521776601154,0.4305711269631148
194,128,32,<class 'torch_geometric.nn.conv.gcn_conv.GCNConv'>,200,500,0.005,Adam,180,0.8993614186376913,0.877370930700669
195,128,32,<class 'torch_geometric.nn.conv.gcn_conv.GCNConv'>,200,500,0.0001,Adam,360,0.8888307293254758,0.8723460970597537
196,128,32,<class 'torch_geometric.nn.conv.gcn_conv.GCNConv'>,500,500,0.001,Adam,470,0.7775026047565184,0.8077983933899942
197,128,32,<class 'torch_geometric.nn.conv.gcn_conv.GCNConv'>,500,500,0.01,Adam,10,0.5254655291930672,0.6611872384176821
198,128,32,<class 'torch_geometric.nn.conv.gcn_conv.GCNConv'>,500,500,0.005,Adam,30,0.8737409743419192,0.8604564044430802
199,128,32,<class 'torch_geometric.nn.conv.gcn_conv.GCNConv'>,500,500,0.0001,Adam,480,0.891809065728803,0.8754639470912725
200,128,32,<class 'torch_geometric.nn.conv.gcn_conv.GCNConv'>,200,800,0.001,Adam,150,0.8958324610288368,0.879528064249984
201,128,32,<class 'torch_geometric.nn.conv.gcn_conv.GCNConv'>,200,800,0.01,Adam,0,0.336192465089514,0.5222573156922468
202,128,32,<class 'torch_geometric.nn.conv.gcn_conv.GCNConv'>,200,800,0.005,Adam,30,0.875920102436105,0.8649184367876325
203,128,32,<class 'torch_geometric.nn.conv.gcn_conv.GCNConv'>,200,800,0.0001,Adam,590,0.8955005969972527,0.8783515893751941
204,128,32,<class 'torch_geometric.nn.conv.gcn_conv.GCNConv'>,500,800,0.001,Adam,30,0.891583439441088,0.8759271866194825
205,128,32,<class 'torch_geometric.nn.conv.gcn_conv.GCNConv'>,500,800,0.01,Adam,80,0.5026608999216269,0.6481887653170453
206,128,32,<class 'torch_geometric.nn.conv.gcn_conv.GCNConv'>,500,800,0.005,Adam,20,0.7851806173541442,0.8024835390829476
207,128,32,<class 'torch_geometric.nn.conv.gcn_conv.GCNConv'>,500,800,0.0001,Adam,760,0.8933467400804463,0.8776022642458084
208,128,32,<class 'torch_geometric.nn.conv.gcn_conv.GCNConv'>,200,300,0.001,Adam,110,0.8934948280494884,0.8785014534596698
209,128,32,<class 'torch_geometric.nn.conv.gcn_conv.GCNConv'>,200,300,0.01,Adam,0,0.14055883205008762,0.23127762772613422
210,128,32,<class 'torch_geometric.nn.conv.gcn_conv.GCNConv'>,200,300,0.005,Adam,30,0.8772545221877285,0.8670900893384343
211,128,32,<class 'torch_geometric.nn.conv.gcn_conv.GCNConv'>,200,300,0.0001,Adam,270,0.8852992938424784,0.8693721842483161
212,128,32,<class 'torch_geometric.nn.conv.gcn_conv.GCNConv'>,500,300,0.001,Adam,0,0.7876818598507456,0.8162861955929024
213,128,32,<class 'torch_geometric.nn.conv.gcn_conv.GCNConv'>,500,300,0.01,Adam,20,0.803699468324126,0.8113123631002481
214,128,32,<class 'torch_geometric.nn.conv.gcn_conv.GCNConv'>,500,300,0.005,Adam,30,0.88448546047392,0.8696584278372024
215,128,32,<class 'torch_geometric.nn.conv.gcn_conv.GCNConv'>,500,300,0.0001,Adam,140,0.8880830320059065,0.8722138858554407
216,128,32,<class 'torch_geometric.nn.conv.sage_conv.SAGEConv'>,200,500,0.001,Adam,200,0.8955737154731246,0.8791328292850702
217,128,32,<class 'torch_geometric.nn.conv.sage_conv.SAGEConv'>,200,500,0.01,Adam,20,0.2448660093314319,0.4383931304318701
218,128,32,<class 'torch_geometric.nn.conv.sage_conv.SAGEConv'>,200,500,0.005,Adam,0,0.7587181717935894,0.8003591436593696
219,128,32,<class 'torch_geometric.nn.conv.sage_conv.SAGEConv'>,200,500,0.0001,Adam,410,0.8963115008679297,0.8790601945113427
220,128,32,<class 'torch_geometric.nn.conv.sage_conv.SAGEConv'>,500,500,0.001,Adam,130,0.8234840011220868,0.8355709903080437
221,128,32,<class 'torch_geometric.nn.conv.sage_conv.SAGEConv'>,500,500,0.01,Adam,50,0.23574241053024841,0.43890528575076404
222,128,32,<class 'torch_geometric.nn.conv.sage_conv.SAGEConv'>,500,500,0.005,Adam,20,0.6529549745000867,0.7286155449836759
223,128,32,<class 'torch_geometric.nn.conv.sage_conv.SAGEConv'>,500,500,0.0001,Adam,450,0.8984630730073709,0.8812702328745277
224,128,32,<class 'torch_geometric.nn.conv.sage_conv.SAGEConv'>,200,800,0.001,Adam,180,0.899310788860428,0.8817724147929391
225,128,32,<class 'torch_geometric.nn.conv.sage_conv.SAGEConv'>,200,800,0.01,Adam,0,0.0,0.0
226,128,32,<class 'torch_geometric.nn.conv.sage_conv.SAGEConv'>,200,800,0.005,Adam,90,0.7370506383637134,0.8052950805899927
227,128,32,<class 'torch_geometric.nn.conv.sage_conv.SAGEConv'>,200,800,0.0001,Adam,720,0.900371979048283,0.8824662630507961
228,128,32,<class 'torch_geometric.nn.conv.sage_conv.SAGEConv'>,500,800,0.001,Adam,100,0.7757594843751869,0.8072788695279127
229,128,32,<class 'torch_geometric.nn.conv.sage_conv.SAGEConv'>,500,800,0.01,Adam,0,0.25388758337242434,0.38352643988347235
230,128,32,<class 'torch_geometric.nn.conv.sage_conv.SAGEConv'>,500,800,0.005,Adam,0,0.6578124019523867,0.72458583069056
231,128,32,<class 'torch_geometric.nn.conv.sage_conv.SAGEConv'>,500,800,0.0001,Adam,20,0.8179454049686457,0.826549149994174
232,128,32,<class 'torch_geometric.nn.conv.sage_conv.SAGEConv'>,200,300,0.001,Adam,160,0.8987839233131762,0.8818571470174908
233,128,32,<class 'torch_geometric.nn.conv.sage_conv.SAGEConv'>,200,300,0.01,Adam,0,0.07027036258637094,0.14692463848932016
234,128,32,<class 'torch_geometric.nn.conv.sage_conv.SAGEConv'>,200,300,0.005,Adam,10,0.7629969286240313,0.779418514313969
235,128,32,<class 'torch_geometric.nn.conv.sage_conv.SAGEConv'>,200,300,0.0001,Adam,280,0.8941006955603088,0.8775165037384539
236,128,32,<class 'torch_geometric.nn.conv.sage_conv.SAGEConv'>,500,300,0.001,Adam,130,0.8287661738529706,0.8392842972911492
237,128,32,<class 'torch_geometric.nn.conv.sage_conv.SAGEConv'>,500,300,0.01,Adam,0,0.25137172774376726,0.3982624515070035
238,128,32,<class 'torch_geometric.nn.conv.sage_conv.SAGEConv'>,500,300,0.005,Adam,0,0.8213174226586153,0.8259821095389865
239,128,32,<class 'torch_geometric.nn.conv.sage_conv.SAGEConv'>,500,300,0.0001,Adam,260,0.8982591081196423,0.8815043623919566
240,128,64,<class 'torch_geometric.nn.conv.gcn_conv.GCNConv'>,200,500,0.001,Adam,30,0.8860903660772268,0.873153794753026
241,128,64,<class 'torch_geometric.nn.conv.gcn_conv.GCNConv'>,200,500,0.01,Adam,60,0.2334559036568966,0.4355950776788211
242,128,64,<class 'torch_geometric.nn.conv.gcn_conv.GCNConv'>,200,500,0.005,Adam,0,0.8372514704825682,0.839520399741921
243,128,64,<class 'torch_geometric.nn.conv.gcn_conv.GCNConv'>,200,500,0.0001,Adam,430,0.887573561911798,0.8719555646296646
244,128,64,<class 'torch_geometric.nn.conv.gcn_conv.GCNConv'>,500,500,0.001,Adam,140,0.789472259187669,0.8211411246690786
245,128,64,<class 'torch_geometric.nn.conv.gcn_conv.GCNConv'>,500,500,0.01,Adam,0,0.204487405613757,0.31095718178780846
246,128,64,<class 'torch_geometric.nn.conv.gcn_conv.GCNConv'>,500,500,0.005,Adam,0,0.6214443505522209,0.7278730851744752
247,128,64,<class 'torch_geometric.nn.conv.gcn_conv.GCNConv'>,500,500,0.0001,Adam,490,0.8892880395266228,0.8738169189593734
248,128,64,<class 'torch_geometric.nn.conv.gcn_conv.GCNConv'>,200,800,0.001,Adam,110,0.8960452730143095,0.8805133213217797
249,128,64,<class 'torch_geometric.nn.conv.gcn_conv.GCNConv'>,200,800,0.01,Adam,0,0.06826378882956774,0.10716191429874562
250,128,64,<class 'torch_geometric.nn.conv.gcn_conv.GCNConv'>,200,800,0.005,Adam,0,0.7338006946356557,0.7790319107770457
251,128,64,<class 'torch_geometric.nn.conv.gcn_conv.GCNConv'>,200,800,0.0001,Adam,700,0.8929878626060176,0.876719801234867
252,128,64,<class 'torch_geometric.nn.conv.gcn_conv.GCNConv'>,500,800,0.001,Adam,200,0.775215479762566,0.8168719847684364
253,128,64,<class 'torch_geometric.nn.conv.gcn_conv.GCNConv'>,500,800,0.01,Adam,0,0.5694156071968416,0.6528668375818946
254,128,64,<class 'torch_geometric.nn.conv.gcn_conv.GCNConv'>,500,800,0.005,Adam,0,0.49642776214931844,0.6204465693467806
255,128,64,<class 'torch_geometric.nn.conv.gcn_conv.GCNConv'>,500,800,0.0001,Adam,550,0.8931303955115995,0.8779062273988469
256,128,64,<class 'torch_geometric.nn.conv.gcn_conv.GCNConv'>,200,300,0.001,Adam,210,0.8961476103707082,0.8808584430366722
257,128,64,<class 'torch_geometric.nn.conv.gcn_conv.GCNConv'>,200,300,0.01,Adam,0,0.3979705783974237,0.5427153309099019
258,128,64,<class 'torch_geometric.nn.conv.gcn_conv.GCNConv'>,200,300,0.005,Adam,50,0.8799853175366718,0.8646456882498362
259,128,64,<class 'torch_geometric.nn.conv.gcn_conv.GCNConv'>,200,300,0.0001,Adam,260,0.8786791465852699,0.8655080412228091
260,128,64,<class 'torch_geometric.nn.conv.gcn_conv.GCNConv'>,500,300,0.001,Adam,30,0.823357457389236,0.831639093066374
261,128,64,<class 'torch_geometric.nn.conv.gcn_conv.GCNConv'>,500,300,0.01,Adam,0,0.5646073664785621,0.6694824871092406
262,128,64,<class 'torch_geometric.nn.conv.gcn_conv.GCNConv'>,500,300,0.005,Adam,0,0.7623715041204129,0.7973786272263544
263,128,64,<class 'torch_geometric.nn.conv.gcn_conv.GCNConv'>,500,300,0.0001,Adam,200,0.8873056573023926,0.8711625974952318
264,128,64,<class 'torch_geometric.nn.conv.sage_conv.SAGEConv'>,200,500,0.001,Adam,180,0.902714065225556,0.8849237031700954
265,128,64,<class 'torch_geometric.nn.conv.sage_conv.SAGEConv'>,200,500,0.01,Adam,0,0.0,0.0
266,128,64,<class 'torch_geometric.nn.conv.sage_conv.SAGEConv'>,200,500,0.005,Adam,0,0.5253906702007811,0.6001150685514196
267,128,64,<class 'torch_geometric.nn.conv.sage_conv.SAGEConv'>,200,500,0.0001,Adam,340,0.8972006172381944,0.8802011346028726
268,128,64,<class 'torch_geometric.nn.conv.sage_conv.SAGEConv'>,500,500,0.001,Adam,20,0.8098567763094381,0.8240350472940037
269,128,64,<class 'torch_geometric.nn.conv.sage_conv.SAGEConv'>,500,500,0.01,Adam,0,0.0,0.0
270,128,64,<class 'torch_geometric.nn.conv.sage_conv.SAGEConv'>,500,500,0.005,Adam,0,0.3098246231284742,0.45588662338151387
271,128,64,<class 'torch_geometric.nn.conv.sage_conv.SAGEConv'>,500,500,0.0001,Adam,60,0.8959205412379952,0.8806323911769554
272,128,64,<class 'torch_geometric.nn.conv.sage_conv.SAGEConv'>,200,800,0.001,Adam,130,0.8982356687261132,0.8819529569397333
273,128,64,<class 'torch_geometric.nn.conv.sage_conv.SAGEConv'>,200,800,0.01,Adam,0,0.4438573377275839,0.5876809285822661
274,128,64,<class 'torch_geometric.nn.conv.sage_conv.SAGEConv'>,200,800,0.005,Adam,0,0.7118988497623482,0.7455756747956936
275,128,64,<class 'torch_geometric.nn.conv.sage_conv.SAGEConv'>,200,800,0.0001,Adam,640,0.8954319672977283,0.8794296278714532
276,128,64,<class 'torch_geometric.nn.conv.sage_conv.SAGEConv'>,500,800,0.001,Adam,90,0.885892280097935,0.8730573719236943
277,128,64,<class 'torch_geometric.nn.conv.sage_conv.SAGEConv'>,500,800,0.01,Adam,0,0.25529222050669087,0.43592372428574006
278,128,64,<class 'torch_geometric.nn.conv.sage_conv.SAGEConv'>,500,800,0.005,Adam,50,0.6771466960909609,0.7616232510104386
279,128,64,<class 'torch_geometric.nn.conv.sage_conv.SAGEConv'>,500,800,0.0001,Adam,730,0.8997217930611868,0.8825582331883861
280,128,64,<class 'torch_geometric.nn.conv.sage_conv.SAGEConv'>,200,300,0.001,Adam,20,0.8932359930807313,0.8796789387681859
281,128,64,<class 'torch_geometric.nn.conv.sage_conv.SAGEConv'>,200,300,0.01,Adam,0,0.07877829441909924,0.1163673465810686
282,128,64,<class 'torch_geometric.nn.conv.sage_conv.SAGEConv'>,200,300,0.005,Adam,10,0.5099014008156416,0.6238844375765429
283,128,64,<class 'torch_geometric.nn.conv.sage_conv.SAGEConv'>,200,300,0.0001,Adam,120,0.8926006844391954,0.8772356264304498
284,128,64,<class 'torch_geometric.nn.conv.sage_conv.SAGEConv'>,500,300,0.001,Adam,80,0.7915030352084982,0.8374107354717228
285,128,64,<class 'torch_geometric.nn.conv.sage_conv.SAGEConv'>,500,300,0.01,Adam,0,0.0,0.0
286,128,64,<class 'torch_geometric.nn.conv.sage_conv.SAGEConv'>,500,300,0.005,Adam,0,0.7430466286428965,0.7711865807151986
287,128,64,<class 'torch_geometric.nn.conv.sage_conv.SAGEConv'>,500,300,0.0001,Adam,80,0.8952953335257011,0.8803987014079967
288,128,128,<class 'torch_geometric.nn.conv.gcn_conv.GCNConv'>,200,500,0.001,Adam,240,0.8790930536080315,0.8664547476700188
289,128,128,<class 'torch_geometric.nn.conv.gcn_conv.GCNConv'>,200,500,0.01,Adam,0,0.0,0.0
290,128,128,<class 'torch_geometric.nn.conv.gcn_conv.GCNConv'>,200,500,0.005,Adam,0,0.559142583737444,0.6831514451408643
291,128,128,<class 'torch_geometric.nn.conv.gcn_conv.GCNConv'>,200,500,0.0001,Adam,270,0.8786556941361249,0.8658745559573284
292,128,128,<class 'torch_geometric.nn.conv.gcn_conv.GCNConv'>,500,500,0.001,Adam,0,0.7135941017323126,0.7748746438447548
293,128,128,<class 'torch_geometric.nn.conv.gcn_conv.GCNConv'>,500,500,0.01,Adam,0,0.1145435779933776,0.255474116834124
294,128,128,<class 'torch_geometric.nn.conv.gcn_conv.GCNConv'>,500,500,0.005,Adam,0,0.6309565986279105,0.7087133014956594
295,128,128,<class 'torch_geometric.nn.conv.gcn_conv.GCNConv'>,500,500,0.0001,Adam,390,0.8792008220681337,0.8677436146173261
296,128,128,<class 'torch_geometric.nn.conv.gcn_conv.GCNConv'>,200,800,0.001,Adam,760,0.801424424297917,0.8231499260108768
297,128,128,<class 'torch_geometric.nn.conv.gcn_conv.GCNConv'>,200,800,0.01,Adam,90,0.0,0.0
298,128,128,<class 'torch_geometric.nn.conv.gcn_conv.GCNConv'>,200,800,0.005,Adam,0,0.6421109816766551,0.724914085224272
299,128,128,<class 'torch_geometric.nn.conv.gcn_conv.GCNConv'>,200,800,0.0001,Adam,750,0.8924035169632649,0.8764058938253568
300,128,128,<class 'torch_geometric.nn.conv.gcn_conv.GCNConv'>,500,800,0.001,Adam,0,0.8401220283606349,0.8439629986360354
301,128,128,<class 'torch_geometric.nn.conv.gcn_conv.GCNConv'>,500,800,0.01,Adam,0,0.10970349305169057,0.24371929905171885
302,128,128,<class 'torch_geometric.nn.conv.gcn_conv.GCNConv'>,500,800,0.005,Adam,0,0.7747070577168281,0.7861024888508749
303,128,128,<class 'torch_geometric.nn.conv.gcn_conv.GCNConv'>,500,800,0.0001,Adam,710,0.8828086379610723,0.8705304448381249
304,128,128,<class 'torch_geometric.nn.conv.gcn_conv.GCNConv'>,200,300,0.001,Adam,180,0.8824578090567696,0.8698451048980259
305,128,128,<class 'torch_geometric.nn.conv.gcn_conv.GCNConv'>,200,300,0.01,Adam,0,0.0018997089615488572,0.018962734239108967
306,128,128,<class 'torch_geometric.nn.conv.gcn_conv.GCNConv'>,200,300,0.005,Adam,0,0.7870042787056549,0.8049011156552065
307,128,128,<class 'torch_geometric.nn.conv.gcn_conv.GCNConv'>,200,300,0.0001,Adam,290,0.8755378282899303,0.8636915936023566
308,128,128,<class 'torch_geometric.nn.conv.gcn_conv.GCNConv'>,500,300,0.001,Adam,0,0.7006119616928328,0.7734259416576411
309,128,128,<class 'torch_geometric.nn.conv.gcn_conv.GCNConv'>,500,300,0.01,Adam,0,0.12142218409285731,0.2451506211508261
310,128,128,<class 'torch_geometric.nn.conv.gcn_conv.GCNConv'>,500,300,0.005,Adam,0,0.469305469788856,0.5876204087433876
311,128,128,<class 'torch_geometric.nn.conv.gcn_conv.GCNConv'>,500,300,0.0001,Adam,190,0.882586934788516,0.8695657397713857
