,num epoch,Loss_gmcm,Loss_total,recon_loss,zinb_loss
0,1,89.74352,117.57559,27.729164,1.0028948
1,2,87.477585,119.74484,32.16743,0.9773553
2,3,83.842964,108.777405,24.833252,0.9652404
3,4,81.99339,115.7514,33.655872,0.9725329
4,5,79.34225,113.909004,34.463787,0.96826416
5,6,76.900505,111.318985,34.314648,0.9658249
6,7,74.1646,105.56065,31.291328,0.9660815
7,8,71.76819,84.80743,12.933407,0.9702457
8,9,70.82575,78.10181,7.169296,0.9719435
9,10,69.9248,75.97094,5.938777,0.97098196
10,11,68.62616,73.94534,5.2113266,0.9696774
11,12,67.83723,73.64847,5.702892,0.96884966
12,13,67.530136,73.28318,5.6442614,0.9682265
13,14,67.178535,72.00431,4.716617,0.96763337
14,15,66.42407,70.36558,3.8320422,0.9670589
15,16,65.779076,69.473526,3.5847108,0.96651757
16,17,65.52333,69.61169,3.978379,0.9661286
17,18,65.30315,69.23114,3.817796,0.9660219
18,19,64.94022,68.678894,3.6282659,0.96610934
19,20,64.61016,68.383995,3.6632376,0.9663027
20,21,64.12799,67.595726,3.3569727,0.96657497
21,22,63.895245,67.16659,3.160426,0.9669292
22,23,63.743717,67.08379,3.2290158,0.9673641
23,24,63.455246,66.903564,3.337134,0.96788806
24,25,63.059742,66.272125,3.1011035,0.9684634
25,26,62.814053,66.1591,3.233713,0.9690254
26,27,62.59424,65.88587,3.1802335,0.96953064
27,28,62.603115,65.76317,3.0486236,0.9699586
28,29,62.34619,65.49549,3.037861,0.9703095
29,30,62.03314,65.06265,2.9180827,0.97059673
30,31,61.950035,65.17348,3.112042,0.9708243
31,32,61.88645,64.98466,2.986851,0.9709988
32,33,61.73353,64.89591,3.0510917,0.97113013
33,34,61.534317,64.774345,3.128814,0.97122353
34,35,61.29198,64.57273,3.169638,0.9712774
35,36,61.121365,64.26749,3.0351129,0.9712931
36,37,61.13269,64.16324,2.9196553,0.971276
37,38,60.951534,64.038734,2.9764261,0.9712278
38,39,60.75506,63.856487,2.9907858,0.9711528
39,40,60.818764,63.89979,2.9705262,0.9710638
40,41,60.666965,63.71818,2.940861,0.9709592
41,42,60.611042,63.731216,3.0099723,0.9708457
42,43,60.632996,63.508293,2.765245,0.970732
43,44,60.61259,63.741344,3.0188494,0.9706231
44,45,60.43772,63.393864,2.8463895,0.9705231
45,46,60.40116,63.44636,2.9355981,0.9704347
46,47,60.449085,63.45372,2.8951783,0.9703599
47,48,60.29828,63.09684,2.6892476,0.97030157
48,49,60.008503,62.88398,2.7662988,0.9702605
49,50,60.047253,62.951454,2.7951593,0.9702366
50,51,60.163662,63.161373,2.8887992,0.970228
51,52,60.04919,62.94249,2.784516,0.9702322
52,53,59.858135,62.6128,2.6460056,0.97024757
53,54,59.871544,62.40314,2.4230566,0.97027326
54,55,59.879658,62.072662,2.0845768,0.97030985
55,56,59.923016,61.87122,1.8398886,0.9703571
56,57,59.8487,61.639774,1.6828666,0.97041446
57,58,59.687546,61.243706,1.4480578,0.9704808
58,59,59.74194,61.226654,1.376708,0.9705535
59,60,59.792377,61.210114,1.3098202,0.9706291
60,61,59.659695,60.99523,1.2277086,0.9707049
61,62,59.591892,60.89795,1.1983063,0.97077787
62,63,59.626408,60.93861,1.2045221,0.97084606
63,64,59.458366,60.796604,1.2306226,0.9709081
64,65,59.388153,60.724197,1.2284861,0.97096264
65,66,59.47484,60.867973,1.2856301,0.9710089
66,67,59.504585,60.902153,1.2901077,0.9710463
67,68,59.448807,60.86142,1.3051958,0.9710751
68,69,59.435284,60.85631,1.3136506,0.97109604
69,70,59.407883,60.866764,1.3515403,0.9711104
70,71,59.288383,60.712936,1.3172455,0.9711193
71,72,59.33236,60.76458,1.3249416,0.971124
72,73,59.361572,60.81495,1.3461256,0.9711252
73,74,59.29855,60.74804,1.3422654,0.97112423
74,75,59.22435,60.666122,1.3345733,0.9711214
75,76,59.294468,60.745213,1.3435664,0.97111744
76,77,59.298943,60.714993,1.308897,0.9711128
77,78,59.23484,60.646942,1.304968,0.9711076
78,79,59.24962,60.649624,1.2928927,0.97110194
79,80,59.279724,60.680096,1.2932763,0.9710965
80,81,59.24401,60.641827,1.2907379,0.97109157
81,82,59.22611,60.62246,1.2892916,0.97108763
82,83,59.2659,60.6329,1.2599545,0.97108483
83,84,59.257923,60.60162,1.2366667,0.9710831
84,85,59.24112,60.559147,1.2110099,0.9710814
85,86,59.27163,60.56327,1.1846385,0.9710788
86,87,59.272743,60.549873,1.1701405,0.97107476
87,88,59.25229,60.536613,1.1773455,0.971069
88,89,59.270275,60.556973,1.1797309,0.9710618
89,90,59.275272,60.56454,1.1823186,0.97105354
90,91,59.25582,60.577705,1.2149475,0.97104394
91,92,59.265415,60.578728,1.2063903,0.9710333
92,93,59.26923,60.554382,1.1782424,0.9710213
93,94,59.255356,60.534515,1.172266,0.97100765
94,95,59.26054,60.55755,1.1901286,0.9709929
95,96,59.2604,60.554924,1.1876577,0.97097826
96,97,59.24845,60.54271,1.1874012,0.9709644
97,98,59.252876,60.54696,1.1872385,0.97095203
98,99,59.250423,60.548977,1.191719,0.97094184
99,100,59.23934,60.521137,1.1749703,0.9709339
100,101,59.239185,60.54006,1.1940545,0.97092825
101,102,59.23584,60.53523,1.1925765,0.97092485
102,103,59.22845,60.537815,1.2025597,0.9709237
103,104,59.229057,60.507153,1.1712945,0.9709246
104,105,59.227703,60.549244,1.2147435,0.97092706
105,106,59.22442,60.52077,1.1895592,0.9709303
106,107,59.224995,60.539837,1.2080517,0.9709341
107,108,59.223877,60.54025,1.2095823,0.97093815
108,109,59.22148,60.538013,1.2097478,0.97094244
109,110,59.223404,60.551147,1.2209611,0.97094697
110,111,59.222572,60.533607,1.2042522,0.97095144
111,112,59.222286,60.52804,1.1989758,0.97095585
112,113,59.226036,60.541492,1.2086798,0.9709599
113,114,59.226715,60.52361,1.1901182,0.9709636
114,115,59.227905,60.546394,1.2117156,0.9709667
115,116,59.22936,60.535107,1.1989787,0.97096974
116,117,59.228134,60.53396,1.1990578,0.97097236
117,118,59.22858,60.54092,1.2055731,0.9709747
118,119,59.2304,60.526405,1.1892434,0.97097653
119,120,59.231544,60.518272,1.179971,0.9709778
120,121,59.233433,60.534863,1.1946753,0.970979
121,122,59.2329,60.534454,1.1948078,0.97097975
122,123,59.232616,60.545143,1.2057847,0.9709806
123,124,59.230053,60.53884,1.202049,0.9709815
124,125,59.22653,60.527912,1.194652,0.9709823
125,126,59.22455,60.522774,1.1914982,0.970983
126,127,59.22533,60.51068,1.1786264,0.9709838
127,128,59.22716,60.540527,1.2066457,0.9709844
128,129,59.228333,60.530136,1.1950885,0.9709849
129,130,59.229145,60.51943,1.1835725,0.97098523
130,131,59.23241,60.520485,1.1813676,0.9709854
131,132,59.23085,60.54746,1.2099087,0.9709854
132,133,59.22347,60.532013,1.201844,0.97098553
133,134,59.226208,60.54348,1.210576,0.97098553
134,135,59.22344,60.52939,1.1992593,0.97098553
135,136,59.22242,60.514,1.1848929,0.9709854
136,137,59.222015,60.514156,1.185455,0.97098523
137,138,59.223053,60.530067,1.2003293,0.970985
138,139,59.22352,60.5384,1.2081985,0.9709843
139,140,59.225834,60.514725,1.1822113,0.97098356
140,141,59.225758,60.521114,1.1886792,0.970983
141,142,59.22511,60.52596,1.194174,0.9709823
142,143,59.22335,60.536236,1.2062106,0.9709814
143,144,59.22232,60.516277,1.1872833,0.97098035
144,145,59.222813,60.517197,1.1877137,0.97097945
145,146,59.223663,60.511395,1.1810626,0.9709785
146,147,59.22349,60.50096,1.1708031,0.9709776
147,148,59.224045,60.506714,1.1760052,0.9709769
148,149,59.223633,60.497704,1.1674106,0.9709764
149,150,59.2226,60.511665,1.1824086,0.97097605
150,151,59.221607,60.52218,1.1939161,0.9709758
151,152,59.22051,60.53014,1.202977,0.97097576
152,153,59.22193,60.510662,1.182081,0.97097564
153,154,59.22477,60.548973,1.2175553,0.97097564
154,155,59.227364,60.553143,1.2191322,0.9709755
155,156,59.230453,60.530506,1.1934066,0.9709755
156,157,59.23367,60.55137,1.2110577,0.9709755
157,158,59.233727,60.512745,1.1723764,0.9709754
158,159,59.23076,60.509212,1.171814,0.9709755
159,160,59.229397,60.560284,1.2242506,0.97097576
160,161,59.23352,60.542408,1.202254,0.9709758
161,162,59.238297,60.52155,1.1766185,0.97097594
162,163,59.238003,60.54437,1.1997344,0.9709763
163,164,59.2317,60.523518,1.1851871,0.9709764
164,165,59.22604,60.513783,1.1811159,0.97097653
165,166,59.22719,60.516335,1.1825194,0.97097677
166,167,59.228752,60.50499,1.1696118,0.970977
167,168,59.228508,60.52209,1.1869555,0.9709771
168,169,59.22601,60.530495,1.1978598,0.97097737
169,170,59.222168,60.50836,1.1795701,0.97097766
170,171,59.221973,60.51812,1.1895236,0.9709779
171,172,59.223232,60.50232,1.1724628,0.970978
172,173,59.224148,60.519344,1.1885748,0.97097826
173,174,59.224728,60.521427,1.190081,0.9709784
174,175,59.22566,60.544796,1.2125177,0.9709785
175,176,59.228733,60.53621,1.2008584,0.9709786
176,177,59.23151,60.521996,1.1838672,0.97097874
177,178,59.230938,60.528294,1.1907413,0.97097874
178,179,59.23082,60.51098,1.1735414,0.97097874
179,180,59.23147,60.541203,1.2031176,0.97097886
180,181,59.233326,60.52048,1.1805378,0.97097886
181,182,59.237423,60.543747,1.1997072,0.97097886
182,183,59.239204,60.52831,1.1824913,0.97097874
183,184,59.23707,60.53575,1.192067,0.97097874
184,185,59.23242,60.5065,1.1674672,0.9709785
185,186,59.230392,60.543686,1.2066803,0.9709784
186,187,59.228848,60.551453,1.2159947,0.97097826
187,188,59.230118,60.545307,1.20858,0.97097814
188,189,59.228924,60.52554,1.1900091,0.970978
189,190,59.22527,60.52968,1.1978037,0.970978
190,191,59.22222,60.516594,1.1877673,0.9709779
191,192,59.221485,60.517994,1.1899068,0.9709779
192,193,59.224052,60.51969,1.1890364,0.9709778
193,194,59.225605,60.494854,1.1626446,0.9709778
194,195,59.22349,60.518253,1.1881607,0.9709778
195,196,59.225624,60.543903,1.2116785,0.9709778
196,197,59.233982,60.511684,1.1710981,0.9709778
197,198,59.23968,60.54842,1.202139,0.9709778
198,199,59.238842,60.530468,1.1850241,0.97097766
199,200,59.23903,60.52596,1.1803306,0.9709778
200,201,59.23899,60.532497,1.1869025,0.9709778
201,202,59.240284,60.53531,1.1884233,0.9709778
202,203,59.237995,60.54519,1.2005913,0.97097766
203,204,59.230633,60.550095,1.2128621,0.97097766
204,205,59.22643,60.541195,1.2081631,0.9709778
205,206,59.226444,60.52766,1.1946149,0.97097766
206,207,59.22714,60.523285,1.1895487,0.9709778
207,208,59.22603,60.50374,1.1711116,0.97097766
208,209,59.222378,60.52696,1.1979831,0.9709776
209,210,59.222797,60.536682,1.2072885,0.9709776
210,211,59.228565,60.5342,1.1990393,0.97097766
211,212,59.234188,60.55213,1.2113498,0.97097766
212,213,59.239246,60.536053,1.1902177,0.97097766
213,214,59.244167,60.54456,1.1938038,0.9709778
214,215,59.246876,60.545033,1.1915674,0.9709778
215,216,59.24654,60.530487,1.1773583,0.9709779
216,217,59.243866,60.554806,1.2043518,0.9709778
217,218,59.25481,60.53581,1.1744086,0.9709779
218,219,59.322277,60.612354,1.1834853,0.9709779
219,220,59.332314,60.641495,1.2025913,0.9709779
220,221,59.290188,60.611286,1.2145061,0.9709779
221,222,59.27824,60.578857,1.1940253,0.9709779
222,223,59.268932,60.566566,1.191047,0.9709779
223,224,59.276295,60.58982,1.2069386,0.9709779
224,225,59.25171,60.561954,1.2036567,0.9709779
225,226,59.252956,60.54388,1.1843367,0.9709779
226,227,59.258556,60.546463,1.1813221,0.9709779
227,228,59.234863,60.524277,1.1828269,0.9709779
228,229,59.243732,60.529533,1.1792146,0.9709779
229,230,59.24649,60.54372,1.1906478,0.9709779
230,231,59.235435,60.531178,1.1891608,0.9709779
231,232,59.231934,60.53903,1.2005126,0.9709779
232,233,59.23123,60.523243,1.1854298,0.9709779
233,234,59.2306,60.538837,1.2016584,0.9709779
234,235,59.230347,60.51519,1.1782624,0.9709779
235,236,59.22749,60.564945,1.2308747,0.9709778
236,237,59.229717,60.538403,1.2021031,0.9709779
237,238,59.223267,60.521275,1.1914281,0.9709779
238,239,59.227314,60.542988,1.209092,0.9709779
239,240,59.226166,60.51165,1.1789019,0.9709779
240,241,59.22302,60.49443,1.1648321,0.9709778
241,242,59.22477,60.52519,1.1938374,0.9709778
242,243,59.22474,60.521843,1.1905241,0.9709778
243,244,59.225975,60.528057,1.1955035,0.9709778
244,245,59.227123,60.518124,1.1844225,0.9709778
245,246,59.225533,60.536236,1.2041241,0.9709778
246,247,59.222797,60.52187,1.1924921,0.9709778
247,248,59.22292,60.5306,1.2011031,0.9709778
248,249,59.225033,60.508015,1.176404,0.9709778
249,250,59.22488,60.49898,1.1675236,0.9709778
250,251,59.226295,60.515656,1.1827786,0.9709778
251,252,59.230305,60.556713,1.219831,0.9709778
252,253,59.234592,60.530724,1.1895485,0.9709779
253,254,59.242725,60.541428,1.192123,0.9709779
254,255,59.25336,60.527813,1.1678704,0.9709779
255,256,59.25539,60.561794,1.199825,0.9709779
256,257,59.24742,60.52615,1.1721463,0.9709779
257,258,59.234493,60.543053,1.2019805,0.9709779
258,259,59.227333,60.529408,1.1954949,0.9709779
259,260,59.22955,60.524734,1.188608,0.9709779
260,261,59.24337,60.545643,1.1956968,0.9709779
261,262,59.254204,60.55265,1.1918674,0.9709779
262,263,59.251328,60.560543,1.2026442,0.9709779
263,264,59.246128,60.529354,1.1766503,0.9709779
264,265,59.244312,60.54532,1.1944326,0.9709779
265,266,59.240192,60.584816,1.2380491,0.9709779
266,267,59.282894,60.583157,1.1936858,0.9709779
267,268,59.435345,60.73561,1.1936891,0.9709779
268,269,59.488525,60.787365,1.1922643,0.9709779
269,270,60.090816,61.39443,1.1970434,0.9709779
270,271,60.190994,61.50173,1.2041676,0.9709779
271,272,59.51152,60.793438,1.1753552,0.9709779
272,273,60.169426,61.466446,1.1904595,0.9709779
273,274,60.201992,61.50567,1.1971307,0.9709779
274,275,60.10455,61.43069,1.219605,0.9709779
275,276,60.117676,61.438618,1.2144125,0.9709779
276,277,60.01881,61.34842,1.2230787,0.9709779
277,278,60.005375,61.322697,1.210793,0.9709779
278,279,59.80216,61.13894,1.2302606,0.9709779
279,280,59.92677,61.25887,1.2255859,0.9709779
280,281,59.828796,61.16778,1.2324743,0.9709779
281,282,59.993656,61.34625,1.2460892,0.9709779
282,283,59.673447,61.00329,1.2233427,0.9709779
283,284,59.95233,61.322414,1.2635881,0.9709779
284,285,59.779533,61.11643,1.2303926,0.9709779
285,286,59.72431,61.074566,1.243747,0.9709779
286,287,59.673412,61.010338,1.2304145,0.9709779
287,288,59.61247,60.939423,1.2204399,0.9709779
288,289,59.5822,60.906406,1.2176919,0.9709779
289,290,59.548492,60.861538,1.2065256,0.9709779
290,291,59.51694,60.832638,1.2091721,0.9709779
291,292,59.47798,60.780193,1.1956854,0.9709779
292,293,59.47358,60.792824,1.2127149,0.9709779
293,294,59.418224,60.71968,1.1949207,0.9709779
294,295,59.44255,60.756508,1.207419,0.9709779
295,296,59.41409,60.72609,1.2054577,0.9709779
296,297,59.37656,60.699387,1.2162784,0.9709779
297,298,59.37741,60.689384,1.2054244,0.9709779
298,299,59.353783,60.643955,1.1836212,0.9709779
299,300,59.336365,60.65755,1.2146289,0.9709779
